test_orig_targets,test_decoded_preds
x3deb,x3deb
3ebpw,3ebpw
ypw3d,ypw3d
c8fxy,c8fxy
7p852,7p852
cfc56,cfc56
gxx2p,gxx2p
f4fn2,f4f2
xce8d,xce8d
ppwyd,ppwyd
n5cm7,n5cm7
32cnn,32cnn
bpwd7,bpwd7
fcmem,fcme
ddcne,ddcne
76y6f,76y6f
2n73f,2n73f
25egp,25egp
2356g,2356g
cwgyx,cwgyx
n8ydd,n8ydd
5fyem,5fyem
377xx,377xx
3w2bw,3w2bw
deneb,deneb
658xe,658xe
fp762,fp762
42nxy,42nxy
77n6g,776g
n5w5g,n5w5g
6e6pn,6e6pn
w4nfx,w4nnfx
excmn,excmn
pxne8,pxne8
fg38b,fg38b
gny6b,gmy6b
dyp7n,dyp7n
8npe3,8npe3
gcx6f,gcx6f
fbp2c,fbp2c
ccf2w,ccf2w
pcm7f,pcn7f
8e32m,8e32nn
dnxdp,dnxdp
m2576,m2576
573d8,573d8
pbpgc,pbpgc
c3572,c3572
m4fd8,4fd8
7pn5g,7pn5g
43xfe,43xfe
nn6mg,nn6ng
f8f8g,f8f8g
33f7m,33f7m
33ng4,33ng4
n5x2n,n5x2n
373gb,373gb
3p67n,3p67
c7nn8,c7n8
p57fn,p57fn
gy433,gy433
2pfpn,2pfpn
d3ycn,d3ycn
bwmee,bwnnee
c2fb7,e2fb7
nm248,nnn248
w8bnx,w8bnx
gw468,gw468
pdyc8,pdyc8
bw6n6,bw6n6
e46pd,e46pd
dn5df,dn5df
cdcb3,edcb3
xwx7d,xwx7d
b685n,b685n
2mpnn,2nnpnn
x76mn,x76mm
y5n6d,y5n6d
d2ycw,d2ycw
8n2pg,8n2pg
75pfw,75pfw
feyc8,feyc8
pmd3w,pnnd3w
ggd7m,ggd7nm
mpxfb,mpxfb
m75bf,m75bf
dw3nn,dw3nn
dbex3,dbex3
ccn2x,ccm2x
ewnx8,ewmx8
g78gn,g78gn
en32e,en32e
m22e3,m22e3
ncww7,ncww7
dmw8n,dmw8n
243mm,243nn
8db67,8db67
n6f4b,n6f4b
xmcym,xmcym
f83pn,f83pn
ppx77,ppx77
2cgyx,2cgyx
xcf88,xcf88
d4ppy,d4ppy
nc4yg,nc4yg
pme86,pne86
xp24p,xp24p
xxbm5,xxbmm5
72m6f,72m6f
3ym7f,3ym7f
gecmf,gecmf
8wy7d,8wy7d
gfxcc,gfxcc
d6fcn,d6fcn
7xcyd,7xcyd
pxdwp,pxdwp
7b4bm,7b4bnn
f7cey,f7cey
w2yp7,w2yp7
56c34,56c34
6n5fd,6n5fd
5ng6e,5ng6e
n5wbg,n5wbg
de7f8,de7f8
g2577,g2577
58pnp,58pnp
b26nd,b26nd
43gey,43gey
c4527,c4527
n464c,n464c
cwdnx,cwdnnx
p7fyp,p7fyp
d2nbn,d2nbn
mggce,nggce
p8ngx,p8ngx
226md,226nd
dn26n,dn26n
2en7g,2en7g
gf2g4,gf2g4
n7ebx,n7ebx
nfbg8,nfbg8
6cm6m,6cm6m
8gmc4,8gmmc4
33b22,33b22
53mn8,53nn8
c753e,c753e
wfy5m,wfy5m
fp3wy,fp3wy
ng2gw,ng2gw
3d7bd,3d7bd
nm46n,nmm46n
mxnw4,mxmw4
pgmn2,pgmmm2
m3b5p,nn3b5p
832f3,832f3
6mn8n,6mn8n
2p2y8,2p2y8
fncnb,fncnb
pg2pm,pg2pnm
2cg58,2cg58
x6pdb,x6pdb
pwebm,pwebm
fp382,fp382
pnmxf,pnnxf
5yxgp,5yxgp
ep85x,cp85x
md344,md344
6fg8c,6fg8c
byc82,byc82
6pfy4,6pfy4
7dxbd,7dxbd
2npg6,2npg6
b55d6,b55d6
x5f54,x5f54
ecd4w,ecd4w
mcg43,mmcg43
p2dw7,p2dw7
gd4mf,gd4mf
646x8,646x8
ny3dw,ny3d
7wn74,7wn74
mc35n,mc35
d8xcn,d8xcn
8d4wm,8d4w
gc2wd,gc2wd
mm3nn,m3nn
dmxp8,dmxp8
3n2b4,3n2b4
5nnff,5nmff
n265y,n265y
ef4mn,ef4mn
n3ffn,n3ffn
nxc83,nxc83
43mn5,43mn5
g3dy6,g3dy6
8ne4g,8ne4g
p6mn8,p6mnn8
244e2,244e2
y7mnm,y7mmmm
d7en3,d7en3
nw5b2,w5b2
gm2c2,gm2c2
5n728,5n728
efe62,efe62
ee8fg,ee8fg
xnd3y,xnd3y
x4f7g,x4f7g
ndyfe,ndyfe
